Question,Answer
"What is a Monster card","A Monster Card is a type of card used in the Yu-Gi-Oh! trading card game that represents a creature or entity that a player can summon to the field to battle with other monsters or inflict damage to the opponent's life points."
"What is a spell card","A Spell Card is a type of card used in the Yu-Gi-Oh! trading card game that represents magical spells, abilities, or effects that players can use to manipulate the game state or gain advantages over their opponent."
"What is a trap card","A Trap Card is a type of card used in the Yu-Gi-Oh! trading card game that represents hidden traps or surprises that players can set on the field to disrupt their opponent's strategies or protect themselves from attacks."
"How many types of monster cards are there","There are several types of Monster Cards in Yu-Gi-Oh!, including Normal Monsters, Effect Monsters, Fusion Monsters, Synchro Monsters, Xyz Monsters, Pendulum Monsters, and Link Monsters."
"How many types of trap cards are there","There are several types of Trap Cards in Yu-Gi-Oh!, including Normal Trap Cards, Continuous Trap Cards, Counter Trap Cards, and Flip Trap Cards."
"How many types of spell cards are there","There are several types of Spell Cards in Yu-Gi-Oh!, including Normal Spell Cards, Continuous Spell Cards, Quick-Play Spell Cards, and Ritual Spell Cards."
"How to summon a monster","To summon a monster in Yu-Gi-Oh!, you usually need to have the required number of monsters on your side of the field and follow the summoning conditions specified on the monster card. You can summon monsters using various methods, including Normal Summon, Special Summon, Fusion Summon, Synchro Summon, Xyz Summon, Pendulum Summon, and Link Summon."
"How to place a trap card","To place a Trap Card in Yu-Gi-Oh!, you need to have the Trap Card in your hand and activate it during your Main Phase. You can place Trap Cards face-down on the field in the Spell & Trap Card Zone, where they remain until activated or destroyed by your opponent."
"What is a monster effect","A Monster Effect is an ability or special power that a Monster Card can have in Yu-Gi-Oh! These effects can range from altering game mechanics to causing damage or gaining advantages for the player who controls the monster."
"How to special summon a monster","To Special Summon a monster in Yu-Gi-Oh!, you need to follow specific conditions or requirements listed on the monster card, such as tributing other monsters, fulfilling summoning conditions, or using card effects that allow Special Summoning."
"What is a deck","A Deck in Yu-Gi-Oh! is a collection of cards that a player uses to play the game. It typically consists of a minimum of 40 cards and can include Monster Cards, Spell Cards, and Trap Cards. A player's deck represents their arsenal of cards used to duel against opponents."
"How to make a deck","To make a deck in Yu-Gi-Oh!, you need to select a strategy or theme for your deck and choose cards that support that strategy. You can include a variety of Monster Cards, Spell Cards, and Trap Cards in your deck, but it must contain at least 40 cards and follow the official rules and restrictions of the game."
"How to play yugioh","Yu-Gi-Oh! is a trading card game where players use decks of cards to duel against each other. The objective of the game is to reduce your opponent's life points to zero by attacking with monsters, using spell and trap cards, and employing various strategies and tactics."
"what are lifepoints","Life Points (LP) are a numerical value representing a player's health or vitality in Yu-Gi-Oh! Each player starts the game with 8000 LP, and the goal is to reduce your opponent's LP to zero by attacking with monsters, using card effects, and other means."
"How to win in yugioh","You can win in Yu-Gi-Oh! by reducing your opponent's Life Points (LP) to zero. This can be achieved by attacking your opponent directly with monsters, using card effects to inflict damage, or employing various strategies to deplete your opponent's LP."
"What are phases in yugioh","Yu-Gi-Oh! has several phases in each turn, including the Draw Phase, Standby Phase, Main Phase 1, Battle Phase, Main Phase 2, and End Phase. These phases dictate the flow of the game and the actions that players can take during their turn."
